{
  "status": "completed",
  "run_id": "2-stalwart-ancient-gharial",
  "checkpoint_step": 0,
  "completed_at": "2026-06-10T04:23:21",
  "duration_seconds": 62.02608526701806,
  "timings_seconds": {
    "build_prompt": 0.00030920899007469416,
    "write_inputs": 0.0015622220234945416,
    "codex_subprocess": 62.023797737958375,
    "read_response": 0.0002689590328373015,
    "parse_response": 0.00014235900016501546,
    "total": 62.02608526701806
  },
  "exit_code": 0,
  "error": null
}
