{
  "status": "completed",
  "run_id": "2-ambitious-gentle-peacock",
  "checkpoint_step": 0,
  "completed_at": "2026-06-11T15:43:29",
  "duration_seconds": 56.1262020689901,
  "timings_seconds": {
    "build_prompt": 0.0002885489957407117,
    "write_inputs": 0.0018742799875326455,
    "codex_subprocess": 56.12365823198343,
    "read_response": 0.00025139900390058756,
    "parse_response": 0.00012548902304843068,
    "total": 56.1262020689901
  },
  "exit_code": 0,
  "error": null
}
