{
  "status": "completed",
  "run_id": "2-phenomenal-loutish-badger",
  "checkpoint_step": 0,
  "completed_at": "2026-06-11T20:54:25",
  "duration_seconds": 36.53518760501174,
  "timings_seconds": {
    "build_prompt": 0.000344618980307132,
    "write_inputs": 0.002093215996865183,
    "codex_subprocess": 36.53232624102384,
    "read_response": 0.0002717700554057956,
    "parse_response": 0.00014689902309328318,
    "total": 36.53518760501174
  },
  "exit_code": 0,
  "error": null
}
