{
  "class_counts": {
    "at-risk": 474049,
    "fit": 31842,
    "unhealthy": 46179
  },
  "class_order": [
    "at-risk",
    "fit",
    "unhealthy"
  ],
  "kind": "fixed_heldout_fold_prior_power_sweep",
  "priors": {
    "at-risk": 0.8586755302769576,
    "fit": 0.05767746843697357,
    "unhealthy": 0.08364700128606879
  },
  "probability_source": {
    "path": "logs/2-smiling-topaz-oarfish/artifacts/20260711T173849/model_predictions/xgboost-heldout-probabilities.csv.gz",
    "row_sha256": "bcd8d5375c8d6624aa919c2d6d33a2028768a3eba24789ead07b78d74d60e88a",
    "rows": 138018,
    "sha256": "7e893b9c629d04a9f86fa8f10338f5e2c923717349bc3399c8e1ebcc021f0849",
    "target_sha256": "84ab15878b8a6b7386f51638d1d69ab27d33817d68ac8000968ff3d8b29e1cc7"
  },
  "reproduction": {
    "fold_scope": "single_fixed_holdout_not_oof",
    "labels_used_only_for_scoring": true,
    "transform": "normalize(probabilities / priors ** tau)"
  },
  "results": {
    "0.0": {
      "balanced_accuracy": 0.8803582179809215,
      "confusion_matrix": [
        [
          117226,
          556,
          730
        ],
        [
          1339,
          6596,
          26
        ],
        [
          2025,
          14,
          9506
        ]
      ],
      "per_class_recall": {
        "at-risk": 0.9891487781828,
        "fit": 0.8285391282502198,
        "unhealthy": 0.8233867475097445
      },
      "prediction_counts": {
        "at-risk": 120590,
        "fit": 7166,
        "unhealthy": 10262
      },
      "prediction_proportions": {
        "at-risk": 0.8737266153690099,
        "fit": 0.051920763958324276,
        "unhealthy": 0.07435262067266589
      }
    },
    "0.25": {
      "balanced_accuracy": 0.9076923076337513,
      "confusion_matrix": [
        [
          115913,
          1109,
          1490
        ],
        [
          958,
          6975,
          28
        ],
        [
          1495,
          19,
          10031
        ]
      ],
      "per_class_recall": {
        "at-risk": 0.9780697313352235,
        "fit": 0.8761462127873383,
        "unhealthy": 0.8688609787786921
      },
      "prediction_counts": {
        "at-risk": 118366,
        "fit": 8103,
        "unhealthy": 11549
      },
      "prediction_proportions": {
        "at-risk": 0.8576127751452709,
        "fit": 0.05870973351302004,
        "unhealthy": 0.08367749134170906
      }
    },
    "0.5": {
      "balanced_accuracy": 0.9291358278303932,
      "confusion_matrix": [
        [
          114272,
          1770,
          2470
        ],
        [
          662,
          7265,
          34
        ],
        [
          1004,
          28,
          10513
        ]
      ],
      "per_class_recall": {
        "at-risk": 0.9642230322667746,
        "fit": 0.9125737972616506,
        "unhealthy": 0.9106106539627544
      },
      "prediction_counts": {
        "at-risk": 115938,
        "fit": 9063,
        "unhealthy": 13017
      },
      "prediction_proportions": {
        "at-risk": 0.8400208668434552,
        "fit": 0.06566534799808721,
        "unhealthy": 0.09431378515845759
      }
    },
    "0.75": {
      "balanced_accuracy": 0.9415381378799835,
      "confusion_matrix": [
        [
          112793,
          2271,
          3448
        ],
        [
          485,
          7433,
          43
        ],
        [
          664,
          38,
          10843
        ]
      ],
      "per_class_recall": {
        "at-risk": 0.9517432833805859,
        "fit": 0.9336766737847004,
        "unhealthy": 0.9391944564746644
      },
      "prediction_counts": {
        "at-risk": 113942,
        "fit": 9742,
        "unhealthy": 14334
      },
      "prediction_proportions": {
        "at-risk": 0.8255589850599198,
        "fit": 0.07058499615992117,
        "unhealthy": 0.10385601878015911
      }
    },
    "1.0": {
      "balanced_accuracy": 0.9465061573896446,
      "confusion_matrix": [
        [
          111515,
          2618,
          4379
        ],
        [
          400,
          7512,
          49
        ],
        [
          475,
          45,
          11025
        ]
      ],
      "per_class_recall": {
        "at-risk": 0.9409595652760901,
        "fit": 0.9436000502449441,
        "unhealthy": 0.9549588566478995
      },
      "prediction_counts": {
        "at-risk": 112390,
        "fit": 10175,
        "unhealthy": 15453
      },
      "prediction_proportions": {
        "at-risk": 0.8143140749757278,
        "fit": 0.07372226810995668,
        "unhealthy": 0.11196365691431552
      }
    },
    "1.25": {
      "balanced_accuracy": 0.9482377187685217,
      "confusion_matrix": [
        [
          110233,
          3109,
          5170
        ],
        [
          346,
          7565,
          50
        ],
        [
          366,
          46,
          11133
        ]
      ],
      "per_class_recall": {
        "at-risk": 0.9301420953152424,
        "fit": 0.9502575053385253,
        "unhealthy": 0.9643135556517973
      },
      "prediction_counts": {
        "at-risk": 110945,
        "fit": 10720,
        "unhealthy": 16353
      },
      "prediction_proportions": {
        "at-risk": 0.8038444260893507,
        "fit": 0.07767102841658334,
        "unhealthy": 0.118484545494066
      }
    },
    "1.5": {
      "balanced_accuracy": 0.9446324446198423,
      "confusion_matrix": [
        [
          108306,
          4313,
          5893
        ],
        [
          331,
          7578,
          52
        ],
        [
          318,
          50,
          11177
        ]
      ],
      "per_class_recall": {
        "at-risk": 0.9138821385176185,
        "fit": 0.9518904660218566,
        "unhealthy": 0.968124729320052
      },
      "prediction_counts": {
        "at-risk": 108955,
        "fit": 11941,
        "unhealthy": 17122
      },
      "prediction_proportions": {
        "at-risk": 0.7894260168963468,
        "fit": 0.08651770058977815,
        "unhealthy": 0.124056282513875
      }
    }
  },
  "schema_version": 1,
  "taus": [
    0.0,
    0.25,
    0.5,
    0.75,
    1.0,
    1.25,
    1.5
  ]
}
