{
  "status": "completed",
  "run_id": "2-accurate-quartz-flounder",
  "checkpoint_step": 0,
  "completed_at": "2026-06-11T13:57:21",
  "duration_seconds": 31.22477146697929,
  "timings_seconds": {
    "build_prompt": 0.0016695039812475443,
    "write_inputs": 0.010796663991641253,
    "codex_subprocess": 31.211957129999064,
    "read_response": 0.00022674899082630873,
    "parse_response": 0.00011657999129965901,
    "total": 31.22477146697929
  },
  "exit_code": 0,
  "error": null
}
