{
  "status": "completed",
  "run_id": "2-alchemical-mastiff-of-strength",
  "checkpoint_step": 0,
  "completed_at": "2026-06-11T20:24:34",
  "duration_seconds": 59.33750475401757,
  "timings_seconds": {
    "build_prompt": 0.00030265795066952705,
    "write_inputs": 0.0018825780134648085,
    "codex_subprocess": 59.33498843002599,
    "read_response": 0.00021516799461096525,
    "parse_response": 0.00011106999590992928,
    "total": 59.33750475401757
  },
  "exit_code": 0,
  "error": null
}
