{
  "status": "completed",
  "run_id": "2-upbeat-lemming-of-aurora",
  "checkpoint_step": 0,
  "completed_at": "2026-06-10T03:26:47",
  "duration_seconds": 35.46511263499269,
  "timings_seconds": {
    "build_prompt": 0.000260399014223367,
    "write_inputs": 0.002840808010660112,
    "codex_subprocess": 35.461615929962136,
    "read_response": 0.00026682898169383407,
    "parse_response": 0.00012407900067046285,
    "total": 35.46511263499269
  },
  "exit_code": 0,
  "error": null
}
