{
  "status": "completed",
  "run_id": "2-nice-crayfish-of-devotion",
  "checkpoint_step": 0,
  "completed_at": "2026-06-11T20:13:28",
  "duration_seconds": 56.59915800800081,
  "timings_seconds": {
    "build_prompt": 0.00027795700589194894,
    "write_inputs": 0.0018734289915300906,
    "codex_subprocess": 56.596709145000204,
    "read_response": 0.00020164798479527235,
    "parse_response": 9.103899355977774e-05,
    "total": 56.59915800800081
  },
  "exit_code": 0,
  "error": null
}
