{
  "status": "completed",
  "run_id": "2-xanthic-armadillo-of-foundation",
  "checkpoint_step": 0,
  "completed_at": "2026-06-11T14:59:13",
  "duration_seconds": 70.68884627200896,
  "timings_seconds": {
    "build_prompt": 0.0002833789912983775,
    "write_inputs": 0.0018514039693400264,
    "codex_subprocess": 70.68634646001738,
    "read_response": 0.0002539289998821914,
    "parse_response": 0.00010644999565556645,
    "total": 70.68884627200896
  },
  "exit_code": 0,
  "error": null
}
