{
  "status": "completed",
  "run_id": "2-cunning-swinging-ocelot",
  "checkpoint_step": 0,
  "completed_at": "2026-06-11T20:03:06",
  "duration_seconds": 65.87878208199982,
  "timings_seconds": {
    "build_prompt": 0.00026273896219208837,
    "write_inputs": 0.0018106240313500166,
    "codex_subprocess": 65.87640752998414,
    "read_response": 0.00019603996770456433,
    "parse_response": 0.00010125897824764252,
    "total": 65.87878208199982
  },
  "exit_code": 0,
  "error": null
}
