{
  "status": "completed",
  "run_id": "2-enchanted-bumblebee-from-nibiru",
  "checkpoint_step": 0,
  "completed_at": "2026-06-11T20:31:44",
  "duration_seconds": 76.924408405961,
  "timings_seconds": {
    "build_prompt": 0.00034116796450689435,
    "write_inputs": 0.0021272479789331555,
    "codex_subprocess": 76.9215796419885,
    "read_response": 0.00023977900855243206,
    "parse_response": 0.0001154190395027399,
    "total": 76.924408405961
  },
  "exit_code": 0,
  "error": null
}
