{
  "status": "completed",
  "run_id": "2-spiffy-vicugna-of-eternity",
  "checkpoint_step": 0,
  "completed_at": "2026-06-11T14:26:38",
  "duration_seconds": 58.79264323198004,
  "timings_seconds": {
    "build_prompt": 0.00024817901430651546,
    "write_inputs": 0.001761924009770155,
    "codex_subprocess": 58.79032072098926,
    "read_response": 0.0002113889786414802,
    "parse_response": 9.604898514226079e-05,
    "total": 58.79264323198004
  },
  "exit_code": 0,
  "error": null
}
