{
  "status": "completed",
  "run_id": "2-refreshing-celadon-chameleon",
  "checkpoint_step": 0,
  "completed_at": "2026-06-11T20:50:30",
  "duration_seconds": 86.36148229602259,
  "timings_seconds": {
    "build_prompt": 0.00033293000888079405,
    "write_inputs": 0.0020124189904890954,
    "codex_subprocess": 86.35878068697639,
    "read_response": 0.0003234600299037993,
    "parse_response": 2.772000152617693e-05,
    "total": 86.36148229602259
  },
  "exit_code": 0,
  "error": null
}
