{
  "status": "completed",
  "run_id": "2-expert-spaniel-of-current",
  "checkpoint_step": 0,
  "completed_at": "2026-06-11T20:56:05",
  "duration_seconds": 84.51035215402953,
  "timings_seconds": {
    "build_prompt": 0.0003371690399944782,
    "write_inputs": 0.0019950560526922345,
    "codex_subprocess": 84.50764660001732,
    "read_response": 0.0002495299559086561,
    "parse_response": 0.00011881900718435645,
    "total": 84.51035215402953
  },
  "exit_code": 0,
  "error": null
}
