{
  "status": "completed",
  "run_id": "2-judicious-apricot-harrier",
  "checkpoint_step": 0,
  "completed_at": "2026-06-11T20:14:58",
  "duration_seconds": 47.7482948229881,
  "timings_seconds": {
    "build_prompt": 0.0002939170226454735,
    "write_inputs": 0.0018494309624657035,
    "codex_subprocess": 47.74577070900705,
    "read_response": 0.00024500698782503605,
    "parse_response": 0.00013085897080600262,
    "total": 47.7482948229881
  },
  "exit_code": 0,
  "error": null
}
